name,surname,phone,email,userName,password,birthDate
Dannie,King,780-515-9873 x03655,Onie24@hotmail.com,Zella78,FRnzKpOXMjpDau8,Fri Aug 23 2024 06:30:24 GMT+0300 (Eastern European Summer Time)
Rafael,Toy-Ziemann,379-947-7093 x281,Rebeca.Connelly@hotmail.com,Judah.Feest86,ghlyshZiZUlqqtU,Fri Jun 14 2024 12:55:10 GMT+0300 (Eastern European Summer Time)
William,Gerhold-Dickens,807.478.9921,Cale.Kulas@gmail.com,Sallie_Kuvalis24,MLV8BXEdMt7N63C,Thu Sep 12 2024 04:10:37 GMT+0300 (Eastern European Summer Time)
Dale,Goldner,907.495.5444 x8146,Georgiana.Sporer@hotmail.com,Bradly30,Ypi6Shnp7JD_Zt1,Tue May 07 2024 06:44:54 GMT+0300 (Eastern European Summer Time)
Alexandre,Moen,1-900-941-8096 x6238,Barry_Bayer@hotmail.com,Allene72,mR7f3hVAwV7EH45,Tue Jun 04 2024 18:09:51 GMT+0300 (Eastern European Summer Time)
Jamar,Mueller,1-496-538-2540 x8076,Jazmyn74@hotmail.com,Dannie.Carroll88,3AygSoV1M011TWM,Mon Jan 13 2025 22:54:29 GMT+0200 (Eastern European Standard Time)
Abdiel,Ratke,1-701-873-5500 x4390,Estrella95@yahoo.com,Lyric26,g8J70ZkNuKAL5tU,Mon Aug 26 2024 02:16:36 GMT+0300 (Eastern European Summer Time)
Spencer,Langosh,1-744-677-2373,Delores28@gmail.com,Savannah_Zemlak64,wbojEBTNfAa_Oxi,Mon Oct 07 2024 17:15:41 GMT+0300 (Eastern European Summer Time)
Petra,Muller,1-784-390-0507 x718,Ernesto_Koelpin@yahoo.com,Letha_Dickinson-Beier13,0G19Pp2tE6e07Qq,Sat Feb 08 2025 16:38:55 GMT+0200 (Eastern European Standard Time)
Lukas,Gerlach,734.254.4629 x2938,Brandt67@gmail.com,Herbert.Schinner,tghWYvkYcX24l1F,Sat Jul 20 2024 17:37:18 GMT+0300 (Eastern European Summer Time)
Karolann,Bergnaum,634.532.4372 x72315,Devan.Heaney@gmail.com,Heber_Grimes,MlIYHGUiaX9pFUV,Sat Oct 12 2024 08:09:21 GMT+0300 (Eastern European Summer Time)
Eleazar,Cronin,(891) 296-5008 x954,Adrianna20@yahoo.com,Milo.Stokes38,XD16_mpJx62rl3T,Wed Jun 26 2024 04:14:14 GMT+0300 (Eastern European Summer Time)
Ofelia,Kuhn,1-584-976-1501 x87924,Porter64@yahoo.com,Kacie_Parisian55,bcLzNGvfSJo4rwH,Mon Sep 30 2024 14:32:58 GMT+0300 (Eastern European Summer Time)
Isidro,Gleason,492-297-4169 x0728,Letha.Jakubowski78@yahoo.com,Mike66,Mc8nw06Yqw5t61Q,Fri Feb 07 2025 17:25:22 GMT+0200 (Eastern European Standard Time)
Rossie,Stoltenberg-Pagac,863-888-2114 x40185,Deangelo_Shields92@gmail.com,Ford35,h73Y0chJ92Sfhrb,Mon Jan 20 2025 08:33:30 GMT+0200 (Eastern European Standard Time)
Alivia,Strosin,1-765-367-3862 x956,Davon_Conn@yahoo.com,Amara.Heaney,Z_HDIGZDod1hN0O,Tue Dec 10 2024 22:34:49 GMT+0200 (Eastern European Standard Time)
Lucie,Bins,238-447-6706,Theodore_Rice1@gmail.com,Tatum_VonRueden4,QuLyn5qkQhXHD7B,Wed Nov 20 2024 08:55:44 GMT+0200 (Eastern European Standard Time)
Adolphus,Boehm,274-741-3579 x98892,Wendell.Wiegand@hotmail.com,Beth12,4rAF0_uIwLKX_fv,Sat Dec 14 2024 08:26:21 GMT+0200 (Eastern European Standard Time)
Yadira,Hyatt,831-557-4701 x03010,Jordi.Gutkowski@yahoo.com,Clark_Osinski45,bSgCVeEF2VShaX4,Thu Dec 12 2024 17:58:10 GMT+0200 (Eastern European Standard Time)
Jerrell,Hermann,433-378-3024 x260,Silas87@gmail.com,Suzanne_Schaden94,J7f5_SLnZdLfUyH,Thu Dec 12 2024 14:51:47 GMT+0200 (Eastern European Standard Time)
Meagan,Heaney,812.285.7758 x7473,Clementine_Hansen40@hotmail.com,Everette_Rowe1,fZMv7xZ2Gp4W4Ox,Sun Mar 10 2024 04:53:35 GMT+0200 (Eastern European Standard Time)
Hannah,DuBuque,(641) 993-5389,Enola.Rowe83@yahoo.com,David.Halvorson,d18Z3aR7zO18RYx,Wed Nov 13 2024 13:53:49 GMT+0200 (Eastern European Standard Time)
Nyah,Huel,1-256-804-9018 x7578,Erich25@gmail.com,Shanie63,_47fFfv1swo8ZGK,Wed May 22 2024 23:27:52 GMT+0300 (Eastern European Summer Time)
Tyrel,Collins-Senger,663-452-5070,Olga42@hotmail.com,Marques_West,etnpHDp_CEuinNS,Tue Sep 10 2024 17:14:28 GMT+0300 (Eastern European Summer Time)
Mariane,Ruecker,806.858.4038 x99426,Jake2@gmail.com,Rory.Wyman78,NeLrEGZMlNUEx7T,Thu Jul 18 2024 22:37:32 GMT+0300 (Eastern European Summer Time)
Chaz,Corkery,393-834-8289 x745,Eden_Paucek45@gmail.com,Bonnie44,YptOU2t9Z6G38Rt,Wed Apr 17 2024 10:52:37 GMT+0300 (Eastern European Summer Time)
Jorge,Mosciski,(335) 795-6523 x42850,Corine52@yahoo.com,Curtis82,L_A96nYop8ZrXij,Tue May 14 2024 11:04:17 GMT+0300 (Eastern European Summer Time)
Marguerite,Legros,1-467-726-7846 x7547,Kian_Gleason55@gmail.com,Garnet_Schuster63,WBBxacdAw3skiSz,Thu Aug 29 2024 12:50:05 GMT+0300 (Eastern European Summer Time)
Brittany,Collier,1-204-339-5707 x2316,Cade55@hotmail.com,Ethan_Hirthe,nbVcz4TAzhCpCfu,Sun Oct 20 2024 02:32:37 GMT+0300 (Eastern European Summer Time)
Amelie,Emard,641-250-0031 x7433,Durward85@hotmail.com,Valentine11,SudAfEV6LNf9ulZ,Sun Jul 21 2024 14:11:46 GMT+0300 (Eastern European Summer Time)
Corene,O'Reilly,235.663.7213 x29536,Hillard24@yahoo.com,Geraldine.Huels,wD7fpKlxB9yv2ff,Tue Oct 08 2024 11:45:18 GMT+0300 (Eastern European Summer Time)
Rhianna,Bashirian,902-589-3310 x4286,Paolo_Hamill@yahoo.com,Name_Von13,Ts0tlxf8W_kJnXR,Fri Oct 11 2024 20:15:30 GMT+0300 (Eastern European Summer Time)
Arnaldo,Wiegand,1-204-572-7596 x044,Abraham_Hansen-Hyatt@hotmail.com,Rahul_Sauer63,m41xsrmsf0QXwzJ,Tue Jun 11 2024 11:34:53 GMT+0300 (Eastern European Summer Time)
Marjorie,Zieme,514-756-5562,Tobin13@gmail.com,Eladio.Hoeger54,YLitUEFeiZTgjvI,Fri Sep 06 2024 23:44:11 GMT+0300 (Eastern European Summer Time)
Adan,Grady,374-869-3371 x5163,Fabiola_Parisian@hotmail.com,Pauline.Wolf-Dach,W5GYO_rOqZg0RvR,Fri Apr 26 2024 13:51:42 GMT+0300 (Eastern European Summer Time)
Rylan,Grant,352.977.1961 x2800,Jarrell_Altenwerth45@gmail.com,Delfina.Corkery,FTQ4NLBQDC9yCZV,Mon Jun 10 2024 19:24:17 GMT+0300 (Eastern European Summer Time)
Deanna,Kuphal,(353) 953-5276 x8882,Deven_Lehner3@yahoo.com,Tod46,hHD0TTI3iHi0eR_,Sat Feb 22 2025 11:10:59 GMT+0200 (Eastern European Standard Time)
Mariana,Medhurst,(923) 458-3198 x122,Ariel_Halvorson97@hotmail.com,Rocky_Cummerata75,ZrrMx_eFIeqFoD0,Wed Jan 22 2025 18:31:40 GMT+0200 (Eastern European Standard Time)
Rosalinda,Carroll,747-738-5698 x7343,Jevon_Schmidt@gmail.com,Vinnie.Kling,81L7XzvoXo6js0L,Sat Jul 06 2024 22:55:55 GMT+0300 (Eastern European Summer Time)
Scotty,Stokes,1-787-425-7525 x44236,Aniyah.Fahey@yahoo.com,Pete_Bradtke,b5ZUY1wrOiieeQ0,Tue Sep 10 2024 15:24:53 GMT+0300 (Eastern European Summer Time)
Oswald,Powlowski,(828) 399-0147,Bartholome.Satterfield-Champlin93@hotmail.com,Jovan31,Ci7yL71qSL8P8dC,Fri Aug 16 2024 18:31:04 GMT+0300 (Eastern European Summer Time)
Magali,O'Kon,344.935.1142 x811,Garrick59@hotmail.com,Emily_Hickle,Tq3FgJYpPfz8Q3M,Thu Jan 30 2025 11:45:47 GMT+0200 (Eastern European Standard Time)
Delores,Walker,1-385-524-0242,Mabelle36@yahoo.com,Lessie_Pollich-Gleason71,iVvedmukjeBxaqn,Wed Oct 09 2024 23:12:10 GMT+0300 (Eastern European Summer Time)
Neva,Windler,1-979-706-1029 x4097,Sherman_Buckridge91@gmail.com,Harvey.Jenkins,hEUvPUSHr_UV4rY,Wed May 08 2024 08:34:06 GMT+0300 (Eastern European Summer Time)
Diego,Hamill,(368) 350-3531 x1939,Derick.Graham@hotmail.com,Domingo.Nicolas31,VXxmr74_kSvcrBr,Sun Dec 15 2024 23:04:44 GMT+0200 (Eastern European Standard Time)
Kitty,Marvin,698.874.5982 x4837,Dessie.Beer-Cormier@hotmail.com,Luther_Kling85,gvZKUx5EchEog__,Wed May 15 2024 08:46:44 GMT+0300 (Eastern European Summer Time)
Elva,Keeling,1-960-218-6151 x47800,Sallie.Marquardt@gmail.com,Telly87,4Th5AlVmVvSDOuL,Thu Dec 26 2024 18:24:01 GMT+0200 (Eastern European Standard Time)
Mary,Altenwerth,624.710.9442 x5958,Angus_Metz@gmail.com,Gino_Hackett19,wfxO5XoS__nBKbd,Sat Jan 11 2025 16:20:54 GMT+0200 (Eastern European Standard Time)
Lamont,Schoen,381-280-4936 x0348,Jess.Schulist@hotmail.com,Reyes36,A_1GofABT_Kgdv4,Sun Feb 02 2025 04:08:07 GMT+0200 (Eastern European Standard Time)
Kenna,Corkery,1-685-999-2174,Declan.Rath@yahoo.com,Ericka.Leuschke66,ZjN_abz1MpgRHIV,Fri Jan 24 2025 08:43:04 GMT+0200 (Eastern European Standard Time)
Marjorie,Bauch,320.635.2677 x9704,Frederique.Roob@gmail.com,Destiney.Hand,H76BhwK4cn5juZO,Mon Dec 23 2024 08:53:05 GMT+0200 (Eastern European Standard Time)
Effie,Abshire-Sauer,956.315.7901 x87109,Antonietta51@yahoo.com,Olin19,XcW656uJQj9mx4F,Sat Nov 09 2024 06:45:26 GMT+0200 (Eastern European Standard Time)
Eula,Lindgren,220-568-3212 x46450,Hugh_Rosenbaum@hotmail.com,Wellington0,lyUtSA1wsaShU2y,Sat Dec 21 2024 10:31:46 GMT+0200 (Eastern European Standard Time)
Maggie,Franey,370-562-6903 x79860,Allan8@hotmail.com,Frances.Mueller46,mhgesQBRJw6n5St,Fri May 03 2024 00:38:47 GMT+0300 (Eastern European Summer Time)
Malcolm,O'Connell,901.279.6592 x611,Madilyn7@gmail.com,Kacey_Stiedemann35,vFmItYybHRlLd23,Wed Jul 03 2024 09:55:35 GMT+0300 (Eastern European Summer Time)
Ross,Harber,463.561.1133 x4689,Cindy.Fritsch95@yahoo.com,Marcella_Schmitt43,d9P7Vx5HNrpZdmP,Mon Apr 22 2024 14:04:00 GMT+0300 (Eastern European Summer Time)
Shyann,Franey,(767) 968-9782 x919,Misty_Bashirian12@yahoo.com,Ressie.Kirlin35,d8KnkzfLMCf1cqE,Sat Jun 22 2024 02:04:08 GMT+0300 (Eastern European Summer Time)
Brett,Bogisich,1-488-449-7432,Favian53@hotmail.com,Kiara.Kirlin40,sZGPETTxaQ226P5,Sun Jun 16 2024 05:06:24 GMT+0300 (Eastern European Summer Time)
Pierre,Kohler,741.411.6868,Lester.Purdy45@gmail.com,Adele.Koepp93,V7EdnpBM1ADBUJ8,Mon Apr 08 2024 06:28:55 GMT+0300 (Eastern European Summer Time)
Burnice,Strosin,1-551-454-8425 x43698,Dakota_Hamill73@yahoo.com,Eula.Ruecker,3k4GsMxFp0RNERT,Fri Dec 13 2024 05:46:00 GMT+0200 (Eastern European Standard Time)
Antonetta,Heaney,445-922-6076 x7604,Alan50@yahoo.com,Dorthy.Ratke79,uCLTW6GNbnDkrAj,Sun Dec 08 2024 22:40:03 GMT+0200 (Eastern European Standard Time)
Helene,Bartoletti-Von,(772) 672-4364 x0455,Maximilian35@yahoo.com,Gerson31,kMU5iyhHa0Cu9WG,Mon Dec 09 2024 04:57:14 GMT+0200 (Eastern European Standard Time)
Ike,Renner,1-850-233-5771 x40166,Gerard_Parker87@yahoo.com,Rossie52,ptgo1I5MKfUknd8,Mon Dec 23 2024 14:44:42 GMT+0200 (Eastern European Standard Time)
Jacques,Durgan,(464) 477-0701 x234,Pink51@gmail.com,Opal.Mertz,Y4xTw42pvFZIUe0,Tue Jul 16 2024 17:15:59 GMT+0300 (Eastern European Summer Time)
Kristy,Harris,(542) 956-4372 x901,Jarret8@yahoo.com,Preston_Quigley,mY84iw5Ra8tmUB_,Thu Jan 23 2025 07:25:00 GMT+0200 (Eastern European Standard Time)
Percival,Champlin,(537) 507-6128 x24522,Finn.Walter@yahoo.com,Christine20,08bzI77AemE7A_d,Wed Jul 17 2024 03:16:01 GMT+0300 (Eastern European Summer Time)
Jennyfer,Yundt,937.654.6225 x0303,Daisy83@hotmail.com,Jean.OHara,WbdKZi4Xe3IfoIs,Wed May 15 2024 18:40:39 GMT+0300 (Eastern European Summer Time)
Noah,Donnelly,(480) 671-0163 x83962,Columbus.Shanahan18@gmail.com,Aaliyah.Ullrich,aSFShKVHiHobzxM,Tue Feb 18 2025 10:28:49 GMT+0200 (Eastern European Standard Time)
Keaton,Kerluke,253-379-5163 x688,Clyde96@yahoo.com,Rusty.Kunde34,RpuFTGT6Sr_qnJv,Mon Aug 26 2024 17:11:48 GMT+0300 (Eastern European Summer Time)
Donna,Senger,676.621.1413,Otilia_Pacocha@hotmail.com,Eloise_Wolf65,SashAgoE2JQPcdI,Fri Aug 02 2024 15:00:26 GMT+0300 (Eastern European Summer Time)
Monroe,Harvey,523-467-9232,Aliyah_Kiehn@hotmail.com,Kailee.Bechtelar38,rNF7WWOzEDTSVvp,Tue Jun 25 2024 16:50:21 GMT+0300 (Eastern European Summer Time)
Axel,Crona,674-457-2267,Craig.Raynor70@gmail.com,Bria_Blick-Stehr76,0_ZKc7HaV8LIiSj,Sun Aug 18 2024 15:00:07 GMT+0300 (Eastern European Summer Time)
Anna,Reinger,(211) 341-6330,Beryl.Quigley33@yahoo.com,Maverick.Ankunding,ijahZ5VEVRsBmWA,Fri Jun 14 2024 20:41:52 GMT+0300 (Eastern European Summer Time)
Kale,Stamm,203.623.1886 x69562,Camila_Hamill@gmail.com,Cullen44,BcxoDNArYcYKFo5,Tue Oct 22 2024 04:30:22 GMT+0300 (Eastern European Summer Time)
Donato,Torphy-Schroeder,(307) 799-7991 x820,Myrna95@hotmail.com,Dalton76,24grryXJ_OvXpwf,Thu Apr 04 2024 05:34:01 GMT+0300 (Eastern European Summer Time)
Lura,Schaefer,(641) 535-4438 x1547,Ignatius_Ward@yahoo.com,Ryleigh76,GoggbnqY3lSrGmL,Wed Oct 23 2024 10:06:32 GMT+0300 (Eastern European Summer Time)
Melvina,Stehr,(298) 671-7862 x31566,Ramon.Lehner98@gmail.com,Danyka20,j_RAlyG3iup31kf,Tue Nov 19 2024 03:52:26 GMT+0200 (Eastern European Standard Time)
Fleta,Reinger,(917) 432-6871,Addie.Crooks-Rosenbaum@yahoo.com,Ashlynn.Schmeler30,Elj9piQvfOdZKVB,Fri Apr 05 2024 23:04:19 GMT+0300 (Eastern European Summer Time)
Milford,Hermann,663.410.9330,Keshawn_MacGyver@yahoo.com,Suzanne_Sauer73,ChPWkosHxzeLdKz,Fri Oct 11 2024 14:07:31 GMT+0300 (Eastern European Summer Time)
Ludie,Schaefer,372.471.7571 x144,Paula93@gmail.com,Adonis6,fhmrVobaBZzbBE_,Fri Mar 15 2024 01:31:44 GMT+0200 (Eastern European Standard Time)
Ludwig,Willms,1-712-331-6075 x22580,Preston25@hotmail.com,Reanna_Auer,5o3w5nXDymFR6gr,Tue Jan 07 2025 14:57:05 GMT+0200 (Eastern European Standard Time)
Dianna,Romaguera,690-240-7514 x53637,Jerrold_Waelchi@hotmail.com,Aletha.Hickle37,W_1UiJJMLU6TCsC,Mon Oct 21 2024 19:06:13 GMT+0300 (Eastern European Summer Time)
Rupert,D'Amore,583-764-7187 x123,Eugene.Beer55@yahoo.com,Kareem_Harber25,EFhdTiDsaDQLgvM,Thu Jul 04 2024 08:09:07 GMT+0300 (Eastern European Summer Time)
Ayden,Carroll,(945) 649-8726 x187,Donavon.Hintz@gmail.com,Gilda.Hamill32,P2P0FtBa3oiS5Nm,Tue Jul 30 2024 21:24:12 GMT+0300 (Eastern European Summer Time)
Wilfred,Gorczany-McDermott,1-677-935-5915 x0450,Leann20@hotmail.com,Jameson_OKeefe7,tlH5FpwY26DNJyy,Sun Sep 29 2024 23:15:13 GMT+0300 (Eastern European Summer Time)
Edd,Zieme,875.973.8657 x45342,Jessy10@hotmail.com,Stacy42,SYO2cKIKFHxOsep,Sat Oct 26 2024 13:45:11 GMT+0300 (Eastern European Summer Time)
Alta,Hoppe,478.644.0997,Troy.OConnell@hotmail.com,Kacie.Hoeger,cT6av4y4d7BbE_2,Wed Aug 14 2024 08:39:53 GMT+0300 (Eastern European Summer Time)
Margaretta,Swift,1-286-280-2544 x20740,Dalton_Breitenberg62@yahoo.com,Charity.Balistreri-Kautzer,FaAHFQkcqHm9Wge,Wed Feb 12 2025 10:57:40 GMT+0200 (Eastern European Standard Time)
Deion,Goldner,1-320-836-4663 x39629,Gunnar_Dach-Wisoky76@hotmail.com,May_Fay,ICexCaZVJlk72Ii,Tue May 07 2024 18:57:26 GMT+0300 (Eastern European Summer Time)
Breana,Mohr,825.272.8954 x33932,Christa.Kohler@yahoo.com,Trisha_Haag,JEO4a_J5nNk18_a,Wed May 22 2024 16:30:28 GMT+0300 (Eastern European Summer Time)
Barbara,Kuhic,367.916.7944 x0511,Augustus.Ondricka4@hotmail.com,Craig.Dicki,UH02kpOiSiTuU_e,Thu Jul 11 2024 04:41:09 GMT+0300 (Eastern European Summer Time)
Gina,Bauch,751-730-3960 x61762,Elda_Stiedemann@yahoo.com,Brendon83,hK5Y8ycmEQpZJ8C,Mon Dec 30 2024 22:30:00 GMT+0200 (Eastern European Standard Time)
Kallie,Kulas,1-625-950-1683 x8614,Edgar_Roob@hotmail.com,Hollis81,xiVKDJbsflLPibE,Mon Jul 01 2024 02:12:16 GMT+0300 (Eastern European Summer Time)
Barton,Hilpert,625-489-4933,Bobbie.Thiel@gmail.com,Mossie_Hoppe,SE9yiyfPyAwdX0c,Sat May 25 2024 00:51:59 GMT+0300 (Eastern European Summer Time)
Wendy,Rau,548-744-3254,Jaquan_Muller8@gmail.com,Tristin_Zemlak,1Is1edWWNHZD3Lk,Tue Aug 13 2024 15:50:44 GMT+0300 (Eastern European Summer Time)
Elwin,Kilback,1-565-526-2705 x810,Yasmine75@hotmail.com,Ansel16,h_NYn0scyKkONDk,Sun May 19 2024 18:52:07 GMT+0300 (Eastern European Summer Time)
Benedict,Connelly,1-672-892-0180 x18288,Russ82@yahoo.com,Marco.Stark,X0SzDgYkru0tRY1,Sun Apr 21 2024 09:46:47 GMT+0300 (Eastern European Summer Time)
Ada,Buckridge,501-386-2657 x28646,Geraldine20@hotmail.com,Loy55,_TBk2WN8Jk7cvr5,Sat Mar 23 2024 17:04:13 GMT+0200 (Eastern European Standard Time)
Karine,Swift,1-670-603-1701 x34123,Edwin58@gmail.com,Adolphus32,Djx5RuNvXm2KbCA,Thu Jan 02 2025 02:47:00 GMT+0200 (Eastern European Standard Time)
Ramon,Von,(637) 560-6270 x8161,Annamarie_Feest77@hotmail.com,Dewitt.Koepp24,ZQpEHQEfcGTDA9L,Tue May 14 2024 16:08:30 GMT+0300 (Eastern European Summer Time)
