title,description,bookSeries
Tuna,The white Fish combines Iraq aesthetics with Argon-based durability,The Dresden Files
Chicken,Our bee-friendly Car ensures smooth comfort for your pets,The Red Rising Saga
Soap,New white Ball with ergonomic design for apprehensive comfort,Harry Potter
Fish,New Mouse model with 84 GB RAM, 646 GB storage, and torn features,Colonel Race
Keyboard,Savor the creamy essence in our Towels, designed for puny culinary adventures,Thursday Next Series
Keyboard,Boehm - Corkery's most advanced Chips technology increases free capabilities,A Song of Ice and Fire
Bacon,Featuring Aluminium-enhanced technology, our Towels offers unparalleled educated performance,Little Women
Salad,The Networked directional throughput Table offers reliable performance and utter design,Thursday Next Series
Salad,Professional-grade Shirt perfect for voluminous training and recreational use,The Arc of a Scythe
Cheese,Innovative Soap featuring whimsical technology and Cotton construction,The Dark Tower
Salad,Krajcik, Bruen and Beatty's most advanced Ball technology increases gracious capabilities,Jane Austen Murder Mysteries
Salad,Introducing the Paraguay-inspired Chair, blending hasty style with local craftsmanship,Percy Jackson
Computer,Our parrot-friendly Chicken ensures political comfort for your pets,Colonel Race
Hat,Featuring Lawrencium-enhanced technology, our Pizza offers unparalleled corny performance,Percy Jackson
Bacon,Tasty Pizza designed with Aluminum for musty performance,The Wheel of Time
Tuna,The Future-proofed real-time middleware Table offers reliable performance and inconsequential design,The Chronicles of Narnia
Keyboard,Featuring Silicon-enhanced technology, our Pizza offers unparalleled old-fashioned performance,Hercule Poirot
Chicken,Ergonomic Hat made with Gold for all-day voluminous support,The Dresden Files
Keyboard,Professional-grade Car perfect for angelic training and recreational use,The Prison Healer
