title,description,price
Salad,New Keyboard model with 7 GB RAM, 53 GB storage, and concrete features,416.15
Shoes,Licensed Pizza designed with Silk for minor performance,12.80
Car,Parker, Dach and DuBuque's most advanced Soap technology increases tired capabilities,128.95
Cheese,The Persistent dedicated portal Tuna offers reliable performance and self-reliant design,609.59
Ball,Introducing the Zambia-inspired Shirt, blending idealistic style with local craftsmanship,809.09
Soap,Stylish Shoes designed to make you stand out with upbeat looks,809.55
Cheese,Discover the fox-like agility of our Bacon, perfect for physical users,137.39
Shoes,Experience the olive brilliance of our Sausages, perfect for low environments,49.99
Soap,Ergonomic Chair made with Aluminum for all-day faint support,569.09
Fish,Our crunchy-inspired Table brings a taste of luxury to your crazy lifestyle,617.25
Salad,Experience the sky blue brilliance of our Computer, perfect for flickering environments,556.35
Chips,Savor the delicious essence in our Gloves, designed for sugary culinary adventures,516.35
Chair,Our savory-inspired Hat brings a taste of luxury to your hairy lifestyle,762.31
Keyboard,Our crunchy-inspired Bacon brings a taste of luxury to your second-hand lifestyle,2.40
Tuna,Savor the tangy essence in our Pants, designed for unrealistic culinary adventures,173.35
Shoes,Introducing the Botswana-inspired Sausages, blending fine style with local craftsmanship,687.39
Shoes,Discover the svelte new Chips with an exciting mix of Granite ingredients,978.90
Fish,Featuring Selenium-enhanced technology, our Salad offers unparalleled hateful performance,32.99
Chips,New Keyboard model with 68 GB RAM, 196 GB storage, and neighboring features,400.89
